<?xml version="1.0" encoding="UTF-8"?>
<!DOCTYPE suite SYSTEM "http://testng.org/testng-1.0.dtd">
<suite name="All Test Suite">
    <listeners>
        <listener class-name="reporting.Setup"></listener>
    </listeners>
    <test verbose="2" preserve-order="true"
          name="C:/Users/eq21253/Desktop/MSQ2HOTS/MSQHOT/src/test/java/HOTMSQ2/APITest.java">
        <classes>
            <class name="HOTMSQ2.APITest">
                <methods>
                    <include name="hotsMSQAPI"/>
                </methods>
            </class>
        </classes>
    </test>
</suite>